{"count":1,"self":30379.206246399997,"total":30383.3102636,"children":{"InitializeActuators":{"count":7,"self":0.0010029,"total":0.0010029,"children":null},"InitializeSensors":{"count":7,"self":0.0020001,"total":0.0020001,"children":null},"AgentSendState":{"count":15443,"self":0.1020138,"total":0.1691011,"children":{"CollectObservations":{"count":12171,"self":0.030572699999999998,"total":0.030572699999999998,"children":null},"WriteActionMask":{"count":12171,"self":0.013480899999999999,"total":0.013480899999999999,"children":null},"RequestDecision":{"count":12171,"self":0.023033699999999997,"total":0.023033699999999997,"children":null}}},"DecideAction":{"count":15443,"self":3.6682319999999997,"total":3.6682319999999997,"children":null},"AgentAct":{"count":15443,"self":0.2635612,"total":0.2635612,"children":null}},"gauges":{"Surfer.CumulativeReward":{"count":221,"max":52985.332,"min":1.106517,"runningAverage":1676.79419,"value":1.106517,"weightedAverage":991.6664}},"metadata":{"timer_format_version":"0.1.0","start_time_seconds":"1688618923","unity_version":"2022.1.0b10","command_line_arguments":"C:\\Program Files\\Unity\\Hub\\Editor\\2022.1.0b10\\Editor\\Unity.exe -projectpath C:\\Users\\schro\\SurfBeach -useHub -hubIPC -cloudEnvironment production -licensingIpc LicenseClient-schro -hubSessionId a83e2618-b160-4c4f-8433-f950f8f29466 -accessToken EN68_WvglhAV0bvCACXZ4guZg24J389StaYOBERbZgY002f","communication_protocol_version":"1.5.0","com.unity.ml-agents_version":"2.0.1","scene_name":"SampleScene","end_time_seconds":"1688649306"}}