{
    "name": "root",
    "gauges": {
        "Surfer.Policy.Entropy.mean": {
            "value": -0.174312561750412,
            "min": -0.174312561750412,
            "max": 1.471636414527893,
            "count": 100
        },
        "Surfer.Policy.Entropy.sum": {
            "value": -8712.8388671875,
            "min": -8712.8388671875,
            "max": 73492.375,
            "count": 100
        },
        "Surfer.Step.mean": {
            "value": 4999937.0,
            "min": 49938.0,
            "max": 4999937.0,
            "count": 100
        },
        "Surfer.Step.sum": {
            "value": 4999937.0,
            "min": 49938.0,
            "max": 4999937.0,
            "count": 100
        },
        "Surfer.Policy.ExtrinsicValueEstimate.mean": {
            "value": 0.8439223766326904,
            "min": -32.400917053222656,
            "max": 209.59132385253906,
            "count": 100
        },
        "Surfer.Policy.ExtrinsicValueEstimate.sum": {
            "value": 659.1033935546875,
            "min": -25369.91796875,
            "max": 180667.71875,
            "count": 100
        },
        "Surfer.Policy.GailValueEstimate.mean": {
            "value": 33.53565979003906,
            "min": 23.42599105834961,
            "max": 191.93406677246094,
            "count": 100
        },
        "Surfer.Policy.GailValueEstimate.sum": {
            "value": 26191.349609375,
            "min": 18342.55078125,
            "max": 168326.171875,
            "count": 100
        },
        "Surfer.Environment.EpisodeLength.mean": {
            "value": 18650.5,
            "min": 242.14563106796118,
            "max": 35988.666666666664,
            "count": 97
        },
        "Surfer.Environment.EpisodeLength.sum": {
            "value": 37301.0,
            "min": 2143.0,
            "max": 186398.0,
            "count": 97
        },
        "Surfer.Environment.CumulativeReward.mean": {
            "value": 13.0,
            "min": -3179.5,
            "max": 52.0,
            "count": 97
        },
        "Surfer.Environment.CumulativeReward.sum": {
            "value": 26.0,
            "min": -21642.0,
            "max": 406.0,
            "count": 97
        },
        "Surfer.Policy.ExtrinsicReward.mean": {
            "value": 13.0,
            "min": -3179.5,
            "max": 52.0,
            "count": 97
        },
        "Surfer.Policy.ExtrinsicReward.sum": {
            "value": 26.0,
            "min": -21642.0,
            "max": 406.0,
            "count": 97
        },
        "Surfer.Policy.GailReward.mean": {
            "value": 4913.794160604477,
            "min": 275.7690438612964,
            "max": 11178.368262292443,
            "count": 97
        },
        "Surfer.Policy.GailReward.sum": {
            "value": 9827.588321208954,
            "min": 694.7287912368774,
            "max": 265315.5090348188,
            "count": 97
        },
        "Surfer.Losses.PolicyLoss.mean": {
            "value": 0.006869590103936693,
            "min": 0.006400636055817206,
            "max": 0.22744021382338056,
            "count": 100
        },
        "Surfer.Losses.PolicyLoss.sum": {
            "value": 0.034347950519683465,
            "min": 0.028618372802156955,
            "max": 1.1327213204155366,
            "count": 100
        },
        "Surfer.Losses.ValueLoss.mean": {
            "value": 1.498410467306773,
            "min": 0.42153439198931053,
            "max": 5861.7070058186855,
            "count": 100
        },
        "Surfer.Losses.ValueLoss.sum": {
            "value": 7.492052336533865,
            "min": 2.1076719599465528,
            "max": 23446.828023274742,
            "count": 100
        },
        "Surfer.Policy.LearningRate.mean": {
            "value": 1.340025955332804e-05,
            "min": 1.340025955332804e-05,
            "max": 0.002984589750513675,
            "count": 100
        },
        "Surfer.Policy.LearningRate.sum": {
            "value": 6.700129776664019e-05,
            "min": 6.700129776664019e-05,
            "max": 0.01478414340719522,
            "count": 100
        },
        "Surfer.Policy.Epsilon.mean": {
            "value": 0.10044667199999999,
            "min": 0.10044667199999999,
            "max": 0.19948632500000002,
            "count": 100
        },
        "Surfer.Policy.Epsilon.sum": {
            "value": 0.50223336,
            "min": 0.42197244000000006,
            "max": 0.99280478,
            "count": 100
        },
        "Surfer.Policy.Beta.mean": {
            "value": 3.228893280000007e-05,
            "min": 3.228893280000007e-05,
            "max": 0.004974367617500001,
            "count": 100
        },
        "Surfer.Policy.Beta.sum": {
            "value": 0.00016144466400000036,
            "min": 0.00016144466400000036,
            "max": 0.024640958521999996,
            "count": 100
        },
        "Surfer.Policy.GAILPolicyEstimate.mean": {
            "value": 0.32573663294315336,
            "min": 0.24522168859839444,
            "max": 0.6612299627934892,
            "count": 100
        },
        "Surfer.Policy.GAILPolicyEstimate.sum": {
            "value": 1.628683164715767,
            "min": 1.1963479816913605,
            "max": 2.8457623024781546,
            "count": 100
        },
        "Surfer.Policy.GAILExpertEstimate.mean": {
            "value": 0.6401572783788045,
            "min": 0.45960648258527115,
            "max": 0.7751107970873514,
            "count": 100
        },
        "Surfer.Policy.GAILExpertEstimate.sum": {
            "value": 3.2007863918940225,
            "min": 1.9686563909053802,
            "max": 3.875553985436757,
            "count": 100
        },
        "Surfer.Losses.GAILLoss.mean": {
            "value": 0.9322555859883626,
            "min": 0.7108744879563649,
            "max": 8.193652311960857,
            "count": 100
        },
        "Surfer.Losses.GAILLoss.sum": {
            "value": 4.661277929941813,
            "min": 3.3935001194477086,
            "max": 32.77460924784343,
            "count": 100
        },
        "Surfer.Policy.GAILGradMagLoss.mean": {
            "value": 0.4352832068999608,
            "min": 0.4352832068999608,
            "max": 9.895269076029459,
            "count": 100
        },
        "Surfer.Policy.GAILGradMagLoss.sum": {
            "value": 2.176416034499804,
            "min": 2.0032724638779955,
            "max": 48.554602464040116,
            "count": 100
        },
        "Surfer.Losses.PretrainingLoss.mean": {
            "value": 0.3401195267836253,
            "min": 0.3401195267836253,
            "max": 16663.736180623375,
            "count": 100
        },
        "Surfer.Losses.PretrainingLoss.sum": {
            "value": 1.7005976339181264,
            "min": 1.3800197144349415,
            "max": 66654.9447224935,
            "count": 100
        },
        "Surfer.IsTraining.mean": {
            "value": 1.0,
            "min": 1.0,
            "max": 1.0,
            "count": 100
        },
        "Surfer.IsTraining.sum": {
            "value": 1.0,
            "min": 1.0,
            "max": 1.0,
            "count": 100
        }
    },
    "metadata": {
        "timer_format_version": "0.1.0",
        "start_time_seconds": "1688273811",
        "python_version": "3.9.6 (tags/v3.9.6:db3ff76, Jun 28 2021, 15:26:21) [MSC v.1929 64 bit (AMD64)]",
        "command_line_arguments": "C:\\Users\\schro\\Documents\\python-envs\\surf-env\\Scripts\\mlagents-learn surferML.yaml",
        "mlagents_version": "0.30.0",
        "mlagents_envs_version": "0.30.0",
        "communication_protocol_version": "1.5.0",
        "pytorch_version": "1.7.1+cu110",
        "numpy_version": "1.21.2",
        "end_time_seconds": "1688278836"
    },
    "total": 5025.459440799999,
    "count": 1,
    "self": 0.010446099999171565,